ticker,fecha,close,amarilla,hma200_high,hma200_low,hma200_hl2_blanca,rsi14,laguerre,n_condiciones_ok,cumple_todo,precio_sobre_medias,canal_sobre_sma25,sma25_sobre_hma_blanca,rsi_sobrecompra,laguerre_alto
DE,2026-08-17,647.47,549.93,594.07,555.47,486.63,61.4,85.6,4,False,True,True,True,False,True
AMP,2026-08-17,555.59,470.54,522.99,493.76,452.58,68.2,88.4,4,False,True,True,True,False,True
VRTX,2026-08-17,548.05,454.33,475.51,446.19,447.78,69.0,100.0,4,False,True,False,True,True,True
AMGN,2026-08-17,439.33,342.39,350.52,331.14,299.97,75.5,100.0,4,False,True,False,True,True,True
V,2026-08-17,371.04,324.25,362.18,346.05,321.51,65.9,100.0,4,False,True,True,True,False,True
EXPE,2026-08-17,321.17,245.11,273.1,247.87,173.06,67.8,100.0,4,False,True,True,True,False,True
ADP,2026-08-17,280.81,230.21,260.31,246.77,276.86,70.0,100.0,4,False,True,True,False,True,True
LLY,2026-08-17,1255.4,1011.13,1074.05,994.33,753.18,67.4,91.2,3,False,True,False,True,False,True
BLK,2026-08-17,1156.55,1041.65,1158.18,1094.96,955.43,61.4,100.0,3,False,False,True,True,False,True
GS,2026-08-17,1039.28,897.56,1009.37,946.14,565.27,60.8,21.1,3,False,True,True,True,False,False
PH,2026-08-17,1001.74,912.99,984.12,929.58,616.4,57.7,71.4,3,False,True,True,True,False,False
TMO,2026-08-17,629.27,523.89,513.01,478.3,627.88,70.7,100.0,3,False,True,False,False,True,True
MA,2026-08-17,580.63,522.95,577.73,550.76,535.02,66.2,100.0,3,False,True,True,False,False,True
MSFT,2026-08-17,483.24,423.63,473.01,444.71,443.89,61.6,94.7,3,False,True,True,False,False,True
AMD,2026-08-17,473.25,275.13,329.74,286.21,177.71,57.2,31.7,3,False,True,True,True,False,False
ROK,2026-08-17,437.08,402.24,428.25,402.33,334.15,51.2,0.0,3,False,True,True,True,False,False
ROP,2026-08-17,411.79,379.71,408.3,384.58,555.73,63.5,100.0,3,False,True,True,False,False,True
ETN,2026-08-17,419.2,367.86,409.9,379.5,299.32,56.0,69.3,3,False,True,True,True,False,False
ISRG,2026-08-17,378.81,477.34,531.36,497.25,471.23,40.0,87.5,3,False,False,True,True,False,True
TRV,2026-08-17,363.58,297.76,323.81,309.36,238.76,63.7,44.2,3,False,True,True,True,False,False
JPM,2026-08-17,351.58,305.48,344.67,328.39,230.32,64.6,66.3,3,False,True,True,True,False,False
VLO,2026-08-17,348.86,209.5,224.23,207.27,148.56,75.5,77.4,3,False,True,False,True,True,False
MAR,2026-08-17,356.39,334.3,354.19,335.02,257.5,50.5,0.0,3,False,True,True,True,False,False
NSC,2026-08-17,350.72,298.22,314.28,301.75,279.74,67.4,64.9,3,False,True,True,True,False,False
CB,2026-08-17,340.99,318.68,335.2,321.73,273.13,54.4,0.0,3,False,True,True,True,False,False
AAPL,2026-08-17,309.35,272.21,290.27,274.87,236.78,56.6,2.2,3,False,True,True,True,False,False
APD,2026-08-17,305.1,274.28,289.83,274.39,303.95,58.6,94.2,3,False,True,True,False,False,True
CME,2026-08-17,274.98,281.25,302.25,286.25,243.84,53.0,100.0,3,False,False,True,True,False,True
JNJ,2026-08-17,268.91,225.55,229.9,219.45,179.58,66.2,97.2,3,False,True,False,True,False,True
ALL,2026-08-17,253.83,210.59,233.4,221.8,179.57,64.7,51.5,3,False,True,True,True,False,False
PNC,2026-08-17,243.13,212.13,230.38,219.72,180.86,58.6,39.1,3,False,True,True,True,False,False
WELL,2026-08-17,239.22,201.19,223.82,212.14,129.75,62.6,30.6,3,False,True,True,True,False,False
IBM,2026-08-17,235.68,261.65,303.77,277.67,198.05,46.3,100.0,3,False,False,True,True,False,True
AZO,2026-08-17,2957.95,3496.25,3895.61,3675.94,3378.58,38.0,52.2,2,False,False,True,True,False,False
TDG,2026-08-17,1200.35,1276.88,1423.53,1343.27,1152.43,44.8,26.2,2,False,False,True,True,False,False
EQIX,2026-08-17,1065.39,924.31,966.95,915.78,891.72,55.9,62.3,2,False,True,False,True,False,False
COST,2026-08-17,947.74,966.33,1061.18,1013.85,857.68,47.0,70.0,2,False,False,True,True,False,False
MU,2026-08-17,966.78,476.37,562.54,474.94,166.03,62.3,70.0,2,False,True,False,True,False,False
MCK,2026-08-17,858.9,847.82,906.21,855.18,597.78,56.4,82.5,2,False,False,True,True,False,False
CAT,2026-08-17,827.9,736.1,779.52,720.25,403.86,50.6,19.8,2,False,True,False,True,False,False
REGN,2026-08-17,834.04,727.2,626.97,580.98,820.93,68.3,100.0,2,False,True,False,False,False,True
LMT,2026-08-17,563.57,558.64,556.74,522.76,508.66,52.0,59.3,2,False,True,False,True,False,False
BRK-B,2026-08-17,495.82,490.27,528.48,511.46,457.35,50.8,57.7,2,False,False,True,True,False,False
LIN,2026-08-17,487.57,472.98,500.08,478.46,455.68,47.7,8.7,2,False,False,True,True,False,False
AMAT,2026-08-17,492.32,370.99,389.98,345.74,212.76,54.4,14.1,2,False,True,False,True,False,False
DELL,2026-08-17,442.08,186.3,240.48,207.22,,65.3,71.5,2,False,True,True,False,False,False
TT,2026-08-17,453.43,435.13,491.86,463.15,344.48,48.5,41.5,2,False,False,True,True,False,False
ELV,2026-08-17,400.54,340.97,326.76,301.54,479.11,58.8,100.0,2,False,True,False,False,False,True
GD,2026-08-17,384.29,345.63,362.17,345.47,286.13,60.6,67.6,2,False,True,False,True,False,False
PANW,2026-08-17,357.87,195.49,239.23,217.17,,66.5,78.4,2,False,True,True,False,False,False
MPC,2026-08-17,360.72,214.1,230.35,213.46,,76.3,73.3,2,False,True,False,False,True,False
ADI,2026-08-17,373.09,332.92,350.42,324.83,240.34,51.7,61.6,2,False,True,False,True,False,False
INTU,2026-08-17,367.0,457.02,521.3,475.0,646.98,49.5,100.0,2,False,False,True,False,False,True
GOOGL,2026-08-17,344.82,324.88,344.39,321.73,202.59,51.3,71.1,2,False,True,False,True,False,False
GE,2026-08-17,348.37,310.22,356.41,332.9,162.2,55.1,50.9,2,False,False,True,True,False,False
CDNS,2026-08-17,319.02,318.3,355.85,328.9,304.88,44.0,19.0,2,False,False,True,True,False,False
AXP,2026-08-17,336.0,334.2,371.22,351.16,264.83,51.8,50.6,2,False,False,True,True,False,False
FDX,2026-08-17,325.08,275.84,277.3,260.15,216.73,59.9,80.4,2,False,True,False,True,False,False
LRCX,2026-08-17,314.0,238.17,257.51,226.71,111.55,55.3,58.1,2,False,True,False,True,False,False
ADBE,2026-08-17,275.3,274.8,250.61,230.49,529.41,56.5,100.0,2,False,True,False,False,False,True
RCL,2026-08-17,292.0,285.1,347.21,314.69,184.26,50.0,52.4,2,False,False,True,True,False,False
AMZN,2026-08-17,258.63,232.05,259.95,243.04,212.96,54.7,78.4,2,False,False,True,True,False,False
ADSK,2026-08-17,253.83,251.38,282.62,262.34,301.25,57.0,100.0,2,False,False,True,False,False,True
TXN,2026-08-17,264.36,221.25,240.57,220.85,204.13,50.6,21.8,2,False,True,False,True,False,False
ABBV,2026-08-17,264.96,218.52,237.57,223.71,,65.3,58.8,2,False,True,True,False,False,False
NUE,2026-08-17,243.63,187.9,188.74,175.12,162.65,57.2,59.3,2,False,True,False,True,False,False
PSX,2026-08-17,242.87,156.12,162.76,151.57,,76.4,81.8,2,False,True,False,False,True,False
AME,2026-08-17,239.55,219.43,228.33,217.7,190.39,56.6,60.2,2,False,True,False,True,False,False
STLD,2026-08-17,228.68,194.88,207.61,191.66,137.35,51.0,46.4,2,False,True,False,True,False,False
ROST,2026-08-17,239.04,203.73,208.91,197.99,154.52,58.7,61.8,2,False,True,False,True,False,False
RSG,2026-08-17,220.67,214.49,238.05,227.98,205.92,55.2,67.9,2,False,False,True,True,False,False
WM,2026-08-17,224.06,223.89,239.22,228.38,217.32,48.8,0.0,2,False,False,True,True,False,False
PGR,2026-08-17,219.28,206.21,236.14,223.55,205.94,55.0,65.8,2,False,False,True,True,False,False
MTD,2026-08-17,1395.25,1306.66,1317.41,1229.68,1534.86,59.1,81.4,1,False,True,False,False,False,False
META,2026-08-17,549.9,630.27,742.18,687.58,,42.9,19.3,1,False,False,True,False,False,False
IDXX,2026-08-17,556.93,617.58,641.14,605.44,616.44,45.3,63.3,1,False,False,False,True,False,False
NOC,2026-08-17,551.03,627.74,638.02,601.53,546.4,45.6,68.4,1,False,False,False,True,False,False
MCO,2026-08-17,503.32,467.74,512.02,483.58,468.83,59.3,75.3,1,False,False,True,False,False,False
SPGI,2026-08-17,430.32,429.59,471.15,444.26,485.79,52.9,43.7,1,False,False,True,False,False,False
HCA,2026-08-17,429.19,465.62,483.12,451.75,,52.0,95.9,1,False,False,False,False,False,True
UNH,2026-08-17,390.11,324.48,315.97,290.05,506.45,54.3,0.0,1,False,True,False,False,False,False
HUM,2026-08-17,378.88,240.99,238.23,214.56,407.58,64.6,45.7,1,False,True,False,False,False,False
AVGO,2026-08-17,368.45,356.67,420.54,382.1,,48.3,55.5,1,False,False,True,False,False,False
AON,2026-08-17,355.11,332.81,360.29,341.53,371.73,56.7,0.0,1,False,False,True,False,False,False
SHW,2026-08-17,346.59,332.11,357.02,337.05,353.04,53.8,79.5,1,False,False,True,False,False,False
GOOG,2026-08-17,341.75,324.12,343.37,321.13,203.77,50.9,62.8,1,False,False,False,True,False,False
SYK,2026-08-17,329.45,342.44,370.33,350.22,361.74,49.4,67.8,1,False,False,True,False,False,False
HD,2026-08-17,335.61,346.59,370.75,350.97,384.13,48.6,67.4,1,False,False,True,False,False,False
HLT,2026-08-17,326.63,307.4,332.72,316.06,,54.1,48.6,1,False,False,True,False,False,False
PSA,2026-08-17,322.49,287.67,302.11,287.48,302.4,58.0,64.9,1,False,True,False,False,False,False
UNP,2026-08-17,308.05,248.14,256.18,244.42,253.16,68.7,62.0,1,False,True,False,False,False,False
ITW,2026-08-17,282.29,261.82,269.59,257.64,265.47,57.9,65.3,1,False,True,False,False,False,False
AJG,2026-08-17,263.81,232.08,265.8,248.43,273.98,64.3,84.7,1,False,False,True,False,False,False
LHX,2026-08-17,266.73,323.11,334.17,315.04,264.57,37.3,27.0,1,False,False,False,True,False,False
CRM,2026-08-17,209.17,202.6,220.4,201.68,278.13,58.6,100.0,1,False,False,False,False,False,True
MSCI,2026-08-17,563.49,565.22,597.65,562.18,631.1,48.1,11.3,0,False,False,False,False,False,False
SNPS,2026-08-17,397.87,449.84,479.36,435.32,533.09,42.5,69.0,0,False,False,False,False,False,False
CI,2026-08-17,277.51,276.24,286.16,269.21,315.73,47.7,11.0,0,False,False,False,False,False,False
MCD,2026-08-17,270.95,301.92,312.76,301.26,308.17,40.5,78.0,0,False,False,False,False,False,False
NXPI,2026-08-17,225.56,235.78,249.12,226.86,,42.3,0.0,0,False,False,False,False,False,False
